
-- MySQL dump 10.13  Distrib 5.7.25, for Linux (x86_64)
--
-- Host: localhost    Database: sosable_v0.6
-- ------------------------------------------------------
-- Server version	5.7.25-0ubuntu0.16.04.2

/*!40101 SET @OLD_CHARACTER_SET_CLIENT=@@CHARACTER_SET_CLIENT */;
/*!40101 SET @OLD_CHARACTER_SET_RESULTS=@@CHARACTER_SET_RESULTS */;
/*!40101 SET @OLD_COLLATION_CONNECTION=@@COLLATION_CONNECTION */;
/*!40101 SET NAMES utf8 */;
/*!40103 SET @OLD_TIME_ZONE=@@TIME_ZONE */;
/*!40103 SET TIME_ZONE='+00:00' */;
/*!40014 SET @OLD_UNIQUE_CHECKS=@@UNIQUE_CHECKS, UNIQUE_CHECKS=0 */;
/*!40014 SET @OLD_FOREIGN_KEY_CHECKS=@@FOREIGN_KEY_CHECKS, FOREIGN_KEY_CHECKS=0 */;
/*!40101 SET @OLD_SQL_MODE=@@SQL_MODE, SQL_MODE='NO_AUTO_VALUE_ON_ZERO' */;
/*!40111 SET @OLD_SQL_NOTES=@@SQL_NOTES, SQL_NOTES=0 */;

--
-- Table structure for table `list`
--

DROP TABLE IF EXISTS `list`;
/*!40101 SET @saved_cs_client     = @@character_set_client */;
/*!40101 SET character_set_client = utf8 */;
CREATE TABLE `list` (
  `list_id` int(11) NOT NULL AUTO_INCREMENT,
  `name` varchar(45) DEFAULT NULL,
  `1` int(11) DEFAULT NULL,
  `2` int(11) DEFAULT NULL,
  `3` int(11) DEFAULT NULL,
  `4` int(11) DEFAULT NULL,
  `5` int(11) DEFAULT NULL,
  `6` int(11) DEFAULT NULL,
  `7` int(11) DEFAULT NULL,
  `8` int(11) DEFAULT NULL,
  `9` int(11) DEFAULT NULL,
  `10` int(11) DEFAULT NULL,
  `11` int(11) DEFAULT NULL,
  `12` int(11) DEFAULT NULL,
  `13` int(11) DEFAULT NULL,
  `14` int(11) DEFAULT NULL,
  `15` int(11) DEFAULT NULL,
  `16` int(11) DEFAULT NULL,
  `17` int(11) DEFAULT NULL,
  `18` int(11) DEFAULT NULL,
  `19` int(11) DEFAULT NULL,
  `20` int(11) DEFAULT NULL,
  `21` int(11) DEFAULT NULL,
  `22` int(11) DEFAULT NULL,
  `23` int(11) DEFAULT NULL,
  `24` int(11) DEFAULT NULL,
  `25` int(11) DEFAULT NULL,
  `26` int(11) DEFAULT NULL,
  `27` int(11) DEFAULT NULL,
  `28` int(11) DEFAULT NULL,
  `29` int(11) DEFAULT NULL,
  `30` int(11) DEFAULT NULL,
  `31` int(11) DEFAULT NULL,
  `32` int(11) DEFAULT NULL,
  `33` int(11) DEFAULT NULL,
  `34` int(11) DEFAULT NULL,
  `35` int(11) DEFAULT NULL,
  `36` int(11) DEFAULT NULL,
  `37` int(11) DEFAULT NULL,
  `38` int(11) DEFAULT NULL,
  `39` int(11) DEFAULT NULL,
  `40` int(11) DEFAULT NULL,
  `41` int(11) DEFAULT NULL,
  `42` int(11) DEFAULT NULL,
  `43` int(11) DEFAULT NULL,
  `44` int(11) DEFAULT NULL,
  `45` int(11) DEFAULT NULL,
  `46` int(11) DEFAULT NULL,
  `47` int(11) DEFAULT NULL,
  `48` int(11) DEFAULT NULL,
  `49` int(11) DEFAULT NULL,
  `50` int(11) DEFAULT NULL,
  `51` int(11) DEFAULT NULL,
  `52` int(11) DEFAULT NULL,
  `53` int(11) DEFAULT NULL,
  `54` int(11) DEFAULT NULL,
  `55` int(11) DEFAULT NULL,
  `56` int(11) DEFAULT NULL,
  `57` int(11) DEFAULT NULL,
  `58` int(11) DEFAULT NULL,
  `59` int(11) DEFAULT NULL,
  `60` int(11) DEFAULT NULL,
  `61` int(11) DEFAULT NULL,
  `62` int(11) DEFAULT NULL,
  `63` int(11) DEFAULT NULL,
  `64` int(11) DEFAULT NULL,
  `65` int(11) DEFAULT NULL,
  `66` int(11) DEFAULT NULL,
  `67` int(11) DEFAULT NULL,
  `68` int(11) DEFAULT NULL,
  `69` int(11) DEFAULT NULL,
  `70` int(11) DEFAULT NULL,
  `71` int(11) DEFAULT NULL,
  `72` int(11) DEFAULT NULL,
  `73` int(11) DEFAULT NULL,
  `74` int(11) DEFAULT NULL,
  `75` int(11) DEFAULT NULL,
  `76` int(11) DEFAULT NULL,
  `77` int(11) DEFAULT NULL,
  `78` int(11) DEFAULT NULL,
  `79` int(11) DEFAULT NULL,
  `80` int(11) DEFAULT NULL,
  `81` int(11) DEFAULT NULL,
  `82` int(11) DEFAULT NULL,
  `83` int(11) DEFAULT NULL,
  `84` int(11) DEFAULT NULL,
  `85` int(11) DEFAULT NULL,
  `86` int(11) DEFAULT NULL,
  `87` int(11) DEFAULT NULL,
  `88` int(11) DEFAULT NULL,
  `89` int(11) DEFAULT NULL,
  `90` int(11) DEFAULT NULL,
  `91` int(11) DEFAULT NULL,
  `92` int(11) DEFAULT NULL,
  `93` int(11) DEFAULT NULL,
  `94` int(11) DEFAULT NULL,
  `95` int(11) DEFAULT NULL,
  `96` int(11) DEFAULT NULL,
  `97` int(11) DEFAULT NULL,
  `98` int(11) DEFAULT NULL,
  `99` int(11) DEFAULT NULL,
  `100` int(11) DEFAULT NULL,
  `101` int(11) DEFAULT NULL,
  `102` int(11) DEFAULT NULL,
  `103` int(11) DEFAULT NULL,
  `104` int(11) DEFAULT NULL,
  `105` int(11) DEFAULT NULL,
  `106` int(11) DEFAULT NULL,
  `107` int(11) DEFAULT NULL,
  `108` int(11) DEFAULT NULL,
  `109` int(11) DEFAULT NULL,
  `110` int(11) DEFAULT NULL,
  `111` int(11) DEFAULT NULL,
  `112` int(11) DEFAULT NULL,
  `113` int(11) DEFAULT NULL,
  `114` int(11) DEFAULT NULL,
  `115` int(11) DEFAULT NULL,
  `116` int(11) DEFAULT NULL,
  `117` int(11) DEFAULT NULL,
  `118` int(11) DEFAULT NULL,
  `119` int(11) DEFAULT NULL,
  `120` int(11) DEFAULT NULL,
  `121` int(11) DEFAULT NULL,
  `122` int(11) DEFAULT NULL,
  `123` int(11) DEFAULT NULL,
  `124` int(11) DEFAULT NULL,
  `125` int(11) DEFAULT NULL,
  `126` int(11) DEFAULT NULL,
  `127` int(11) DEFAULT NULL,
  `128` int(11) DEFAULT NULL,
  `129` int(11) DEFAULT NULL,
  `130` int(11) DEFAULT NULL,
  `131` int(11) DEFAULT NULL,
  `132` int(11) DEFAULT NULL,
  `133` int(11) DEFAULT NULL,
  `134` int(11) DEFAULT NULL,
  `135` int(11) DEFAULT NULL,
  `136` int(11) DEFAULT NULL,
  `137` int(11) DEFAULT NULL,
  `138` int(11) DEFAULT NULL,
  `139` int(11) DEFAULT NULL,
  `140` int(11) DEFAULT NULL,
  `141` int(11) DEFAULT NULL,
  `142` int(11) DEFAULT NULL,
  `143` int(11) DEFAULT NULL,
  `144` int(11) DEFAULT NULL,
  `145` int(11) DEFAULT NULL,
  `146` int(11) DEFAULT NULL,
  `147` int(11) DEFAULT NULL,
  `148` int(11) DEFAULT NULL,
  `149` int(11) DEFAULT NULL,
  `150` int(11) DEFAULT NULL,
  `151` int(11) DEFAULT NULL,
  `152` int(11) DEFAULT NULL,
  `153` int(11) DEFAULT NULL,
  `154` int(11) DEFAULT NULL,
  `155` int(11) DEFAULT NULL,
  `156` int(11) DEFAULT NULL,
  `157` int(11) DEFAULT NULL,
  `158` int(11) DEFAULT NULL,
  `159` int(11) DEFAULT NULL,
  `160` int(11) DEFAULT NULL,
  `161` int(11) DEFAULT NULL,
  `162` int(11) DEFAULT NULL,
  `163` int(11) DEFAULT NULL,
  `164` int(11) DEFAULT NULL,
  `165` int(11) DEFAULT NULL,
  `166` int(11) DEFAULT NULL,
  `167` int(11) DEFAULT NULL,
  `168` int(11) DEFAULT NULL,
  `169` int(11) DEFAULT NULL,
  `170` int(11) DEFAULT NULL,
  `171` int(11) DEFAULT NULL,
  `172` int(11) DEFAULT NULL,
  `173` int(11) DEFAULT NULL,
  `174` int(11) DEFAULT NULL,
  `175` int(11) DEFAULT NULL,
  `176` int(11) DEFAULT NULL,
  `177` int(11) DEFAULT NULL,
  `178` int(11) DEFAULT NULL,
  `179` int(11) DEFAULT NULL,
  `180` int(11) DEFAULT NULL,
  `181` int(11) DEFAULT NULL,
  `182` int(11) DEFAULT NULL,
  `183` int(11) DEFAULT NULL,
  `184` int(11) DEFAULT NULL,
  `185` int(11) DEFAULT NULL,
  `186` int(11) DEFAULT NULL,
  `187` int(11) DEFAULT NULL,
  `188` int(11) DEFAULT NULL,
  `189` int(11) DEFAULT NULL,
  `190` int(11) DEFAULT NULL,
  `191` int(11) DEFAULT NULL,
  `192` int(11) DEFAULT NULL,
  `193` int(11) DEFAULT NULL,
  `194` int(11) DEFAULT NULL,
  `195` int(11) DEFAULT NULL,
  `196` int(11) DEFAULT NULL,
  `197` int(11) DEFAULT NULL,
  `198` int(11) DEFAULT NULL,
  `199` int(11) DEFAULT NULL,
  `200` int(11) DEFAULT NULL,
  `201` int(11) DEFAULT NULL,
  `202` int(11) DEFAULT NULL,
  `203` int(11) DEFAULT NULL,
  `204` int(11) DEFAULT NULL,
  `205` int(11) DEFAULT NULL,
  `206` int(11) DEFAULT NULL,
  `207` int(11) DEFAULT NULL,
  `208` int(11) DEFAULT NULL,
  `209` int(11) DEFAULT NULL,
  `210` int(11) DEFAULT NULL,
  `211` int(11) DEFAULT NULL,
  `212` int(11) DEFAULT NULL,
  `213` int(11) DEFAULT NULL,
  `214` int(11) DEFAULT NULL,
  `215` int(11) DEFAULT NULL,
  `216` int(11) DEFAULT NULL,
  `217` int(11) DEFAULT NULL,
  `218` int(11) DEFAULT NULL,
  `219` int(11) DEFAULT NULL,
  `220` int(11) DEFAULT NULL,
  `221` int(11) DEFAULT NULL,
  `222` int(11) DEFAULT NULL,
  `223` int(11) DEFAULT NULL,
  `224` int(11) DEFAULT NULL,
  `225` int(11) DEFAULT NULL,
  `226` int(11) DEFAULT NULL,
  `227` int(11) DEFAULT NULL,
  `228` int(11) DEFAULT NULL,
  `229` int(11) DEFAULT NULL,
  `230` int(11) DEFAULT NULL,
  `231` int(11) DEFAULT NULL,
  `232` int(11) DEFAULT NULL,
  `233` int(11) DEFAULT NULL,
  `234` int(11) DEFAULT NULL,
  `235` int(11) DEFAULT NULL,
  `236` int(11) DEFAULT NULL,
  `237` int(11) DEFAULT NULL,
  `238` int(11) DEFAULT NULL,
  `239` int(11) DEFAULT NULL,
  `240` int(11) DEFAULT NULL,
  `241` int(11) DEFAULT NULL,
  `242` int(11) DEFAULT NULL,
  `243` int(11) DEFAULT NULL,
  `244` int(11) DEFAULT NULL,
  `245` int(11) DEFAULT NULL,
  `246` int(11) DEFAULT NULL,
  `247` int(11) DEFAULT NULL,
  `248` int(11) DEFAULT NULL,
  `249` int(11) DEFAULT NULL,
  `250` int(11) DEFAULT NULL,
  `251` int(11) DEFAULT NULL,
  `252` int(11) DEFAULT NULL,
  `253` int(11) DEFAULT NULL,
  `254` int(11) DEFAULT NULL,
  `255` int(11) DEFAULT NULL,
  `256` int(11) DEFAULT NULL,
  `257` int(11) DEFAULT NULL,
  `258` int(11) DEFAULT NULL,
  `259` int(11) DEFAULT NULL,
  `260` int(11) DEFAULT NULL,
  `261` int(11) DEFAULT NULL,
  `262` int(11) DEFAULT NULL,
  `263` int(11) DEFAULT NULL,
  `264` int(11) DEFAULT NULL,
  `265` int(11) DEFAULT NULL,
  `266` int(11) DEFAULT NULL,
  `267` int(11) DEFAULT NULL,
  `268` int(11) DEFAULT NULL,
  `269` int(11) DEFAULT NULL,
  `270` int(11) DEFAULT NULL,
  `271` int(11) DEFAULT NULL,
  `272` int(11) DEFAULT NULL,
  `273` int(11) DEFAULT NULL,
  `274` int(11) DEFAULT NULL,
  `275` int(11) DEFAULT NULL,
  `276` int(11) DEFAULT NULL,
  `277` int(11) DEFAULT NULL,
  `278` int(11) DEFAULT NULL,
  `279` int(11) DEFAULT NULL,
  `280` int(11) DEFAULT NULL,
  `281` int(11) DEFAULT NULL,
  `282` int(11) DEFAULT NULL,
  `283` int(11) DEFAULT NULL,
  `284` int(11) DEFAULT NULL,
  `285` int(11) DEFAULT NULL,
  `286` int(11) DEFAULT NULL,
  `287` int(11) DEFAULT NULL,
  `288` int(11) DEFAULT NULL,
  `289` int(11) DEFAULT NULL,
  `290` int(11) DEFAULT NULL,
  `291` int(11) DEFAULT NULL,
  `292` int(11) DEFAULT NULL,
  `293` int(11) DEFAULT NULL,
  `294` int(11) DEFAULT NULL,
  `295` int(11) DEFAULT NULL,
  `296` int(11) DEFAULT NULL,
  `297` int(11) DEFAULT NULL,
  `298` int(11) DEFAULT NULL,
  `299` int(11) DEFAULT NULL,
  `300` int(11) DEFAULT NULL,
  `301` int(11) DEFAULT NULL,
  `302` int(11) DEFAULT NULL,
  `303` int(11) DEFAULT NULL,
  `304` int(11) DEFAULT NULL,
  `305` int(11) DEFAULT NULL,
  `306` int(11) DEFAULT NULL,
  `307` int(11) DEFAULT NULL,
  `308` int(11) DEFAULT NULL,
  `309` int(11) DEFAULT NULL,
  `310` int(11) DEFAULT NULL,
  `311` int(11) DEFAULT NULL,
  `312` int(11) DEFAULT NULL,
  `313` int(11) DEFAULT NULL,
  `314` int(11) DEFAULT NULL,
  `315` int(11) DEFAULT NULL,
  `316` int(11) DEFAULT NULL,
  `317` int(11) DEFAULT NULL,
  `318` int(11) DEFAULT NULL,
  `319` int(11) DEFAULT NULL,
  `320` int(11) DEFAULT NULL,
  `321` int(11) DEFAULT NULL,
  `322` int(11) DEFAULT NULL,
  `323` int(11) DEFAULT NULL,
  `324` int(11) DEFAULT NULL,
  `325` int(11) DEFAULT NULL,
  `326` int(11) DEFAULT NULL,
  `327` int(11) DEFAULT NULL,
  `328` int(11) DEFAULT NULL,
  `329` int(11) DEFAULT NULL,
  `330` int(11) DEFAULT NULL,
  `331` int(11) DEFAULT NULL,
  `332` int(11) DEFAULT NULL,
  `333` int(11) DEFAULT NULL,
  `334` int(11) DEFAULT NULL,
  `335` int(11) DEFAULT NULL,
  `336` int(11) DEFAULT NULL,
  `337` int(11) DEFAULT NULL,
  `338` int(11) DEFAULT NULL,
  `339` int(11) DEFAULT NULL,
  `340` int(11) DEFAULT NULL,
  `341` int(11) DEFAULT NULL,
  `342` int(11) DEFAULT NULL,
  `343` int(11) DEFAULT NULL,
  `344` int(11) DEFAULT NULL,
  `345` int(11) DEFAULT NULL,
  `346` int(11) DEFAULT NULL,
  `347` int(11) DEFAULT NULL,
  `348` int(11) DEFAULT NULL,
  `349` int(11) DEFAULT NULL,
  `350` int(11) DEFAULT NULL,
  `351` int(11) DEFAULT NULL,
  `352` int(11) DEFAULT NULL,
  `353` int(11) DEFAULT NULL,
  `354` int(11) DEFAULT NULL,
  `355` int(11) DEFAULT NULL,
  `356` int(11) DEFAULT NULL,
  `357` int(11) DEFAULT NULL,
  `358` int(11) DEFAULT NULL,
  `359` int(11) DEFAULT NULL,
  `360` int(11) DEFAULT NULL,
  `361` int(11) DEFAULT NULL,
  `362` int(11) DEFAULT NULL,
  `363` int(11) DEFAULT NULL,
  `364` int(11) DEFAULT NULL,
  `365` int(11) DEFAULT NULL,
  `366` int(11) DEFAULT NULL,
  `367` int(11) DEFAULT NULL,
  `368` int(11) DEFAULT NULL,
  `369` int(11) DEFAULT NULL,
  `370` int(11) DEFAULT NULL,
  `371` int(11) DEFAULT NULL,
  `372` int(11) DEFAULT NULL,
  `373` int(11) DEFAULT NULL,
  `374` int(11) DEFAULT NULL,
  `375` int(11) DEFAULT NULL,
  `376` int(11) DEFAULT NULL,
  `377` int(11) DEFAULT NULL,
  `378` int(11) DEFAULT NULL,
  `379` int(11) DEFAULT NULL,
  `380` int(11) DEFAULT NULL,
  `381` int(11) DEFAULT NULL,
  `382` int(11) DEFAULT NULL,
  `383` int(11) DEFAULT NULL,
  `384` int(11) DEFAULT NULL,
  `385` int(11) DEFAULT NULL,
  `386` int(11) DEFAULT NULL,
  `387` int(11) DEFAULT NULL,
  `388` int(11) DEFAULT NULL,
  `389` int(11) DEFAULT NULL,
  `390` int(11) DEFAULT NULL,
  `391` int(11) DEFAULT NULL,
  `392` int(11) DEFAULT NULL,
  `393` int(11) DEFAULT NULL,
  `394` int(11) DEFAULT NULL,
  `395` int(11) DEFAULT NULL,
  `396` int(11) DEFAULT NULL,
  `397` int(11) DEFAULT NULL,
  `398` int(11) DEFAULT NULL,
  `399` int(11) DEFAULT NULL,
  `400` int(11) DEFAULT NULL,
  `401` int(11) DEFAULT NULL,
  `402` int(11) DEFAULT NULL,
  `403` int(11) DEFAULT NULL,
  `404` int(11) DEFAULT NULL,
  `405` int(11) DEFAULT NULL,
  `406` int(11) DEFAULT NULL,
  `407` int(11) DEFAULT NULL,
  `408` int(11) DEFAULT NULL,
  `409` int(11) DEFAULT NULL,
  `410` int(11) DEFAULT NULL,
  `411` int(11) DEFAULT NULL,
  `412` int(11) DEFAULT NULL,
  `413` int(11) DEFAULT NULL,
  `414` int(11) DEFAULT NULL,
  `415` int(11) DEFAULT NULL,
  `416` int(11) DEFAULT NULL,
  `417` int(11) DEFAULT NULL,
  `418` int(11) DEFAULT NULL,
  `419` int(11) DEFAULT NULL,
  `420` int(11) DEFAULT NULL,
  `421` int(11) DEFAULT NULL,
  `422` int(11) DEFAULT NULL,
  `423` int(11) DEFAULT NULL,
  `424` int(11) DEFAULT NULL,
  `425` int(11) DEFAULT NULL,
  `426` int(11) DEFAULT NULL,
  `427` int(11) DEFAULT NULL,
  `428` int(11) DEFAULT NULL,
  `429` int(11) DEFAULT NULL,
  `430` int(11) DEFAULT NULL,
  `431` int(11) DEFAULT NULL,
  `432` int(11) DEFAULT NULL,
  `433` int(11) DEFAULT NULL,
  `434` int(11) DEFAULT NULL,
  `435` int(11) DEFAULT NULL,
  `436` int(11) DEFAULT NULL,
  `437` int(11) DEFAULT NULL,
  `438` int(11) DEFAULT NULL,
  `439` int(11) DEFAULT NULL,
  `440` int(11) DEFAULT NULL,
  `441` int(11) DEFAULT NULL,
  `442` int(11) DEFAULT NULL,
  `443` int(11) DEFAULT NULL,
  `444` int(11) DEFAULT NULL,
  `445` int(11) DEFAULT NULL,
  `446` int(11) DEFAULT NULL,
  `447` int(11) DEFAULT NULL,
  `448` int(11) DEFAULT NULL,
  `449` int(11) DEFAULT NULL,
  `450` int(11) DEFAULT NULL,
  `451` int(11) DEFAULT NULL,
  `452` int(11) DEFAULT NULL,
  `453` int(11) DEFAULT NULL,
  `454` int(11) DEFAULT NULL,
  `455` int(11) DEFAULT NULL,
  `456` int(11) DEFAULT NULL,
  `457` int(11) DEFAULT NULL,
  `458` int(11) DEFAULT NULL,
  `459` int(11) DEFAULT NULL,
  `460` int(11) DEFAULT NULL,
  `461` int(11) DEFAULT NULL,
  `462` int(11) DEFAULT NULL,
  `463` int(11) DEFAULT NULL,
  `464` int(11) DEFAULT NULL,
  `465` int(11) DEFAULT NULL,
  `466` int(11) DEFAULT NULL,
  `467` int(11) DEFAULT NULL,
  `468` int(11) DEFAULT NULL,
  `469` int(11) DEFAULT NULL,
  `470` int(11) DEFAULT NULL,
  `471` int(11) DEFAULT NULL,
  `472` int(11) DEFAULT NULL,
  `473` int(11) DEFAULT NULL,
  `474` int(11) DEFAULT NULL,
  `475` int(11) DEFAULT NULL,
  `476` int(11) DEFAULT NULL,
  `477` int(11) DEFAULT NULL,
  `478` int(11) DEFAULT NULL,
  `479` int(11) DEFAULT NULL,
  `480` int(11) DEFAULT NULL,
  `481` int(11) DEFAULT NULL,
  `482` int(11) DEFAULT NULL,
  `483` int(11) DEFAULT NULL,
  `484` int(11) DEFAULT NULL,
  `485` int(11) DEFAULT NULL,
  `486` int(11) DEFAULT NULL,
  `487` int(11) DEFAULT NULL,
  `488` int(11) DEFAULT NULL,
  `489` int(11) DEFAULT NULL,
  `490` int(11) DEFAULT NULL,
  `491` int(11) DEFAULT NULL,
  `492` int(11) DEFAULT NULL,
  `493` int(11) DEFAULT NULL,
  `494` int(11) DEFAULT NULL,
  `495` int(11) DEFAULT NULL,
  `496` int(11) DEFAULT NULL,
  `497` int(11) DEFAULT NULL,
  `498` int(11) DEFAULT NULL,
  `499` int(11) DEFAULT NULL,
  `500` int(11) DEFAULT NULL,
  `501` int(11) DEFAULT NULL,
  `502` int(11) DEFAULT NULL,
  `503` int(11) DEFAULT NULL,
  `504` int(11) DEFAULT NULL,
  `505` int(11) DEFAULT NULL,
  `506` int(11) DEFAULT NULL,
  `507` int(11) DEFAULT NULL,
  `508` int(11) DEFAULT NULL,
  `509` int(11) DEFAULT NULL,
  `510` int(11) DEFAULT NULL,
  `511` int(11) DEFAULT NULL,
  `512` int(11) DEFAULT NULL,
  `513` int(11) DEFAULT NULL,
  `514` int(11) DEFAULT NULL,
  `515` int(11) DEFAULT NULL,
  `516` int(11) DEFAULT NULL,
  `517` int(11) DEFAULT NULL,
  `518` int(11) DEFAULT NULL,
  `519` int(11) DEFAULT NULL,
  `520` int(11) DEFAULT NULL,
  `521` int(11) DEFAULT NULL,
  `522` int(11) DEFAULT NULL,
  `523` int(11) DEFAULT NULL,
  `524` int(11) DEFAULT NULL,
  `525` int(11) DEFAULT NULL,
  `526` int(11) DEFAULT NULL,
  `527` int(11) DEFAULT NULL,
  `528` int(11) DEFAULT NULL,
  `529` int(11) DEFAULT NULL,
  `530` int(11) DEFAULT NULL,
  `531` int(11) DEFAULT NULL,
  `532` int(11) DEFAULT NULL,
  `533` int(11) DEFAULT NULL,
  `534` int(11) DEFAULT NULL,
  `535` int(11) DEFAULT NULL,
  `536` int(11) DEFAULT NULL,
  `537` int(11) DEFAULT NULL,
  `538` int(11) DEFAULT NULL,
  `539` int(11) DEFAULT NULL,
  `540` int(11) DEFAULT NULL,
  `541` int(11) DEFAULT NULL,
  `542` int(11) DEFAULT NULL,
  `543` int(11) DEFAULT NULL,
  `544` int(11) DEFAULT NULL,
  `545` int(11) DEFAULT NULL,
  `546` int(11) DEFAULT NULL,
  `547` int(11) DEFAULT NULL,
  `548` int(11) DEFAULT NULL,
  `549` int(11) DEFAULT NULL,
  `550` int(11) DEFAULT NULL,
  `551` int(11) DEFAULT NULL,
  `552` int(11) DEFAULT NULL,
  `553` int(11) DEFAULT NULL,
  `554` int(11) DEFAULT NULL,
  `555` int(11) DEFAULT NULL,
  `556` int(11) DEFAULT NULL,
  `557` int(11) DEFAULT NULL,
  `558` int(11) DEFAULT NULL,
  `559` int(11) DEFAULT NULL,
  `560` int(11) DEFAULT NULL,
  `561` int(11) DEFAULT NULL,
  `562` int(11) DEFAULT NULL,
  `563` int(11) DEFAULT NULL,
  `564` int(11) DEFAULT NULL,
  `565` int(11) DEFAULT NULL,
  `566` int(11) DEFAULT NULL,
  `0` int(11) DEFAULT NULL,
  PRIMARY KEY (`list_id`)
) ENGINE=InnoDB AUTO_INCREMENT=3 DEFAULT CHARSET=utf8;
/*!40101 SET character_set_client = @saved_cs_client */;

--
-- Dumping data for table `list`
--

LOCK TABLES `list` WRITE;
/*!40000 ALTER TABLE `list` DISABLE KEYS */;
INSERT INTO `list` VALUES (1,'BEOL_FIRST',1,2,3,4,5,6,7,8,9,10,6,11,2,12,13,14,15,16,2,17,18,14,19,20,21,6,22,14,23,2,24,25,26,6,27,9,28,29,30,14,31,2,32,33,14,34,2,35,29,36,6,6,1,37,14,31,2,38,39,14,40,1,41,42,6,43,8,9,10,6,44,11,2,45,13,14,15,16,18,14,19,46,47,6,22,14,23,25,48,6,49,9,28,29,30,14,31,2,50,33,14,34,29,51,6,6,1,52,14,53,1,4,54,6,55,8,9,10,6,11,2,56,13,14,15,16,18,14,19,57,58,6,22,14,23,25,59,6,60,9,28,29,30,14,31,2,61,33,14,34,29,62,6,6,1,63,14,1,4,64,6,65,8,9,10,6,11,66,67,14,68,16,69,14,70,71,6,72,73,6,74,75,6,76,9,29,2,77,66,44,78,79,NULL,NULL,NULL,NULL,NULL,NULL,NULL,NULL,NULL,NULL,NULL,NULL,NULL,NULL,NULL,NULL,NULL,NULL,NULL,NULL,NULL,NULL,NULL,NULL,NULL,NULL,NULL,NULL,NULL,NULL,NULL,NULL,NULL,NULL,NULL,NULL,NULL,NULL,NULL,NULL,NULL,NULL,NULL,NULL,NULL,NULL,NULL,NULL,NULL,NULL,NULL,NULL,NULL,NULL,NULL,NULL,NULL,NULL,NULL,NULL,NULL,NULL,NULL,NULL,NULL,NULL,NULL,NULL,NULL,NULL,NULL,NULL,NULL,NULL,NULL,NULL,NULL,NULL,NULL,NULL,NULL,NULL,NULL,NULL,NULL,NULL,NULL,NULL,NULL,NULL,NULL,NULL,NULL,NULL,NULL,NULL,NULL,NULL,NULL,NULL,NULL,NULL,NULL,NULL,NULL,NULL,NULL,NULL,NULL,NULL,NULL,NULL,NULL,NULL,NULL,NULL,NULL,NULL,NULL,NULL,NULL,NULL,NULL,NULL,NULL,NULL,NULL,NULL,NULL,NULL,NULL,NULL,NULL,NULL,NULL,NULL,NULL,NULL,NULL,NULL,NULL,NULL,NULL,NULL,NULL,NULL,NULL,NULL,NULL,NULL,NULL,NULL,NULL,NULL,NULL,NULL,NULL,NULL,NULL,NULL,NULL,NULL,NULL,NULL,NULL,NULL,NULL,NULL,NULL,NULL,NULL,NULL,NULL,NULL,NULL,NULL,NULL,NULL,NULL,NULL,NULL,NULL,NULL,NULL,NULL,NULL,NULL,NULL,NULL,NULL,NULL,NULL,NULL,NULL,NULL,NULL,NULL,NULL,NULL,NULL,NULL,NULL,NULL,NULL,NULL,NULL,NULL,NULL,NULL,NULL,NULL,NULL,NULL,NULL,NULL,NULL,NULL,NULL,NULL,NULL,NULL,NULL,NULL,NULL,NULL,NULL,NULL,NULL,NULL,NULL,NULL,NULL,NULL,NULL,NULL,NULL,NULL,NULL,NULL,NULL,NULL,NULL,NULL,NULL,NULL,NULL,NULL,NULL,NULL,NULL,NULL,NULL,NULL,NULL,NULL,NULL,NULL,NULL,NULL,NULL,NULL,NULL,NULL,NULL,NULL,NULL,NULL,NULL,NULL,NULL,NULL,NULL,NULL,NULL,NULL,NULL,NULL,NULL,NULL,NULL,NULL,NULL,NULL,NULL,NULL,NULL,NULL,NULL,NULL,NULL,NULL,NULL,NULL,NULL,NULL,NULL,NULL,NULL,NULL,NULL,NULL,NULL,NULL,NULL,NULL,NULL,NULL,NULL,NULL,NULL,NULL,NULL,NULL,NULL,NULL,NULL,NULL,NULL,NULL,NULL,NULL,NULL,NULL,NULL,NULL,NULL,NULL,NULL,NULL,NULL,NULL,NULL,NULL,NULL,NULL,NULL,NULL,NULL,NULL,NULL,NULL,NULL,NULL,NULL,NULL,NULL,NULL,NULL,NULL,NULL,NULL,NULL,NULL,NULL,NULL,NULL,NULL,NULL,NULL,NULL,NULL,NULL,NULL,NULL,NULL,NULL,NULL,NULL,NULL,NULL,NULL,NULL,NULL,NULL,NULL),(2,'BEOL_SECOND',80,81,82,83,84,85,16,86,87,6,88,2,74,89,90,91,92,93,94,87,2,95,96,97,98,99,100,14,101,16,2,102,103,104,105,106,107,108,109,87,6,74,110,111,91,92,28,87,112,113,114,115,6,116,117,118,119,2,120,103,121,122,123,124,87,6,125,125,125,126,91,92,127,128,129,87,6,130,131,132,133,134,127,103,135,2,136,94,137,138,139,128,140,87,6,130,141,142,143,144,145,87,103,146,147,148,149,150,151,152,153,153,87,6,9,154,90,91,155,93,156,87,2,157,87,123,158,87,6,159,159,160,131,161,91,92,127,87,123,87,6,125,162,125,163,164,165,91,92,127,2,166,71,167,87,6,168,159,125,168,169,92,127,71,170,87,6,168,171,159,172,169,92,127,128,173,87,6,125,125,159,174,91,92,127,2,175,176,177,177,178,179,128,180,87,6,130,181,182,183,2,184,133,185,28,2,186,187,176,188,189,190,191,192,87,128,193,87,6,194,159,195,92,127,196,197,87,6,74,72,198,93,159,199,133,200,93,201,87,202,2,203,204,205,87,6,74,206,90,91,155,93,207,87,2,208,128,209,87,6,130,210,90,91,92,28,211,212,213,214,87,215,216,87,6,194,131,217,125,218,195,134,127,219,220,215,221,87,6,194,168,222,159,223,195,134,127,2,224,219,225,226,227,228,87,16,229,230,87,128,231,87,6,130,131,232,195,92,28,16,128,233,87,6,130,2,234,125,235,195,92,127,16,236,225,226,237,219,238,2,239,240,241,16,242,128,243,87,6,244,245,91,16,92,93,131,246,16,247,248,249,250,251,2,252,253,14,254,16,255,256,257,2,258,16,259,260,6,16,25,261,262,87,6,263,2,264,265,28,87,2,266,128,233,87,6,130,267,168,268,265,2,127,128,231,87,6,130,267,2,269,131,268,265,2,127,16,270,14,31,2,271,272,273,14,29,274,6,6,1,2,275,276,277,278,16,25,279,87,6,280,281,28,87,16,270,14,31,2,282,33,14,29,283,6,6,1,284,14,53,NULL,NULL,NULL,NULL,NULL,NULL,NULL,NULL,NULL,NULL,NULL,NULL,NULL,NULL,NULL,NULL,NULL,NULL,NULL,NULL,NULL,NULL,NULL,NULL,NULL,NULL,NULL,NULL,NULL,NULL,NULL,NULL,NULL,NULL,NULL,NULL,NULL,NULL,NULL,NULL,NULL,NULL,NULL,NULL,NULL,NULL,NULL,NULL,NULL,NULL,NULL,NULL,NULL,NULL,NULL,NULL,NULL,NULL,NULL,NULL,NULL,NULL,NULL,NULL,NULL,NULL,NULL,NULL,NULL,NULL,NULL,NULL,NULL,NULL,NULL,NULL,NULL,NULL,NULL,NULL,NULL,NULL,NULL,NULL,NULL,NULL,NULL,NULL,NULL,NULL,NULL,NULL,NULL,NULL,NULL,NULL,NULL,NULL,NULL,NULL,NULL,NULL,NULL,NULL,NULL,NULL,NULL);
/*!40000 ALTER TABLE `list` ENABLE KEYS */;
UNLOCK TABLES;

--
-- Table structure for table `machines`
--

DROP TABLE IF EXISTS `machines`;
/*!40101 SET @saved_cs_client     = @@character_set_client */;
/*!40101 SET character_set_client = utf8 */;
CREATE TABLE `machines` (
  `machines_id` int(11) NOT NULL AUTO_INCREMENT,
  `name_of_machine` varchar(45) DEFAULT NULL,
  `work_stream_number` varchar(45) DEFAULT NULL,
  `broken` tinyint(1) DEFAULT NULL,
  PRIMARY KEY (`machines_id`)
) ENGINE=InnoDB AUTO_INCREMENT=62 DEFAULT CHARSET=utf8;
/*!40101 SET character_set_client = @saved_cs_client */;

--
-- Dumping data for table `machines`
--

LOCK TABLES `machines` WRITE;
/*!40000 ALTER TABLE `machines` DISABLE KEYS */;
INSERT INTO `machines` VALUES (1,NULL,'POX01',NULL),(2,NULL,'PTU06',NULL),(3,NULL,'DGF01',NULL),(4,NULL,'DON01',NULL),(5,NULL,'MTU01',NULL),(6,NULL,'FAL01',NULL),(7,NULL,'EOX09',NULL),(8,NULL,'EMT02',NULL),(9,NULL,'PRS01',NULL),(10,NULL,'THM10',NULL),(11,NULL,'SOR1x',NULL),(12,NULL,'OIN0x',NULL),(13,NULL,'DDP0x',NULL),(14,NULL,'CDS07',NULL),(15,NULL,'OVL05',NULL),(16,NULL,'CUV06',NULL),(17,NULL,'UVH01',NULL),(18,NULL,'MSP01',NULL),(19,NULL,'MSP02',NULL),(20,NULL,'SCR0x',NULL),(21,NULL,'WPR01',NULL),(22,NULL,' SOR16',NULL),(23,NULL,'CDS0x',NULL),(24,NULL,'CUV0x',NULL),(25,NULL,'DBP01',NULL),(26,NULL,'DIP0x',NULL),(27,NULL,'EOX01',NULL),(28,NULL,'EOX02',NULL),(29,NULL,'EPN01',NULL),(30,NULL,'FHT01',NULL),(31,NULL,'FOX01',NULL),(32,NULL,'FOX04',NULL),(33,NULL,'IDM01',NULL),(34,NULL,'IHC02',NULL),(35,NULL,'IHV03',NULL),(36,NULL,'IMC04',NULL),(37,NULL,'LAS01',NULL),(38,NULL,'LPN01',NULL),(39,NULL,'LPN02',NULL),(40,NULL,'LPN04',NULL),(41,NULL,'LPP02',NULL),(42,NULL,'LPP05',NULL),(43,NULL,'LPT01',NULL),(44,NULL,'PRS02',NULL),(45,NULL,'RTO01',NULL),(46,NULL,'RTP01',NULL),(47,NULL,'RTP02',NULL),(48,NULL,'SOR12',NULL),(49,NULL,'SOR15',NULL),(50,NULL,'SOR16',NULL),(51,NULL,'THA01',NULL),(52,NULL,'THP01',NULL),(53,NULL,'WBS01',NULL),(54,NULL,'WCM01',NULL),(55,NULL,'WDB01',NULL),(56,NULL,'WDC03',NULL),(57,NULL,'WDC04',NULL),(58,NULL,'WDC05',NULL),(59,NULL,'WNT01',NULL),(60,NULL,'WRS05',NULL),(61,NULL,'XRF01',NULL);
/*!40000 ALTER TABLE `machines` ENABLE KEYS */;
UNLOCK TABLES;

--
-- Table structure for table `machines_has_recipe`
--

DROP TABLE IF EXISTS `machines_has_recipe`;
/*!40101 SET @saved_cs_client     = @@character_set_client */;
/*!40101 SET character_set_client = utf8 */;
CREATE TABLE `machines_has_recipe` (
  `machines_machines_id` int(11) NOT NULL,
  `recipe_recipe_id` int(11) NOT NULL,
  PRIMARY KEY (`machines_machines_id`,`recipe_recipe_id`),
  KEY `fk_machines_has_recipe_recipe1_idx` (`recipe_recipe_id`),
  KEY `fk_machines_has_recipe_machines1_idx` (`machines_machines_id`),
  CONSTRAINT `fk_machines_has_recipe_machines1` FOREIGN KEY (`machines_machines_id`) REFERENCES `machines` (`machines_id`) ON DELETE NO ACTION ON UPDATE NO ACTION,
  CONSTRAINT `fk_machines_has_recipe_recipe1` FOREIGN KEY (`recipe_recipe_id`) REFERENCES `recipe` (`recipe_id`) ON DELETE NO ACTION ON UPDATE NO ACTION
) ENGINE=InnoDB DEFAULT CHARSET=utf8;
/*!40101 SET character_set_client = @saved_cs_client */;

--
-- Dumping data for table `machines_has_recipe`
--

LOCK TABLES `machines_has_recipe` WRITE;
/*!40000 ALTER TABLE `machines_has_recipe` DISABLE KEYS */;
INSERT INTO `machines_has_recipe` VALUES (20,1),(11,2),(22,2),(48,2),(49,2),(50,2),(13,3),(16,4),(24,4),(15,5),(12,6),(8,7),(20,8),(20,9),(21,9),(9,10),(44,10),(20,11),(26,12),(3,13),(12,14),(10,15),(20,16),(13,17),(4,18),(10,19),(1,20),(10,21),(52,21),(4,22),(10,23),(13,24),(16,25),(24,25),(15,26),(7,27),(27,27),(28,27),(12,28),(20,29),(18,30),(19,30),(20,31),(13,32),(5,33),(51,34),(13,35),(2,36),(18,37),(19,37),(13,38),(18,39),(19,39),(51,40),(16,41),(24,41),(15,42),(8,43),(17,44),(26,45),(1,46),(10,47),(52,47),(15,48),(7,49),(27,49),(28,49),(13,50),(2,51),(18,52),(19,52),(51,53),(15,54),(8,55),(13,56),(1,57),(10,58),(52,58),(15,59),(7,60),(27,60),(28,60),(13,61),(2,62),(18,63),(19,63),(15,64),(8,65),(6,66),(3,67),(10,68),(4,69),(10,70),(16,71),(24,71),(17,72),(7,73),(27,73),(28,73),(20,74),(9,75),(44,75),(9,76),(44,76),(13,77),(11,78),(22,78),(48,78),(49,78),(50,78),(15,79),(37,80),(56,81),(57,81),(58,81),(31,82),(32,82),(10,83),(38,84),(39,84),(40,84),(10,85),(16,86),(24,86),(14,87),(23,87),(26,88),(29,89),(60,90),(9,91),(44,91),(60,92),(12,93),(56,94),(57,94),(58,94),(26,95),(56,96),(57,96),(58,96),(30,97),(10,98),(10,99),(3,100),(10,101),(13,102),(56,103),(57,103),(58,103),(43,104),(10,105),(30,106),(10,107),(16,108),(24,108),(15,109),(7,110),(27,110),(28,110),(10,111),(56,112),(57,112),(58,112),(10,113),(53,114),(1,115),(10,116),(52,116),(10,117),(52,117),(59,118),(10,119),(13,120),(45,121),(10,122),(16,123),(24,123),(15,124),(34,125),(35,125),(36,125),(33,126),(12,127),(16,128),(24,128),(15,129),(17,130),(34,131),(36,131),(33,132),(9,133),(44,133),(60,134),(30,135),(13,136),(31,137),(32,137),(10,138),(10,139),(15,140),(9,141),(44,141),(55,142),(10,143),(60,144),(12,145),(31,146),(32,146),(10,147),(10,148),(41,149),(42,149),(10,150),(61,151),(16,152),(24,152),(15,153),(29,154),(60,155),(10,156),(26,157),(15,158),(34,159),(35,159),(36,159),(33,160),(33,161),(33,162),(33,163),(36,164),(33,165),(26,166),(15,167),(34,168),(35,168),(36,168),(9,169),(44,169),(15,170),(33,171),(33,172),(15,173),(33,174),(26,175),(56,176),(57,176),(58,176),(10,177),(38,177),(39,177),(40,177),(31,178),(32,178),(10,179),(15,180),(7,181),(27,181),(28,181),(10,182),(55,183),(10,184),(60,185),(26,186),(53,187),(31,188),(32,188),(10,189),(10,190),(41,191),(42,191),(10,192),(15,193),(17,194),(9,195),(44,195),(16,196),(24,196),(15,197),(29,198),(33,199),(60,200),(10,201),(15,202),(26,203),(16,204),(24,204),(15,205),(29,206),(10,207),(26,208),(15,209),(7,210),(27,210),(28,210),(10,211),(56,212),(57,212),(58,212),(46,213),(47,213),(10,214),(16,215),(24,215),(15,216),(33,217),(33,218),(56,219),(57,219),(58,219),(46,220),(47,220),(15,221),(33,222),(33,223),(26,224),(38,225),(39,225),(40,225),(10,226),(38,227),(39,227),(40,227),(10,228),(7,229),(27,229),(28,229),(10,230),(15,231),(33,232),(15,233),(26,234),(33,235),(56,236),(57,236),(58,236),(53,237),(46,238),(47,238),(26,239),(38,240),(39,240),(40,240),(10,241),(9,242),(44,242),(15,243),(29,244),(10,245),(33,246),(56,247),(57,247),(58,247),(18,248),(19,248),(46,249),(47,249),(54,250),(11,251),(22,251),(48,251),(49,251),(50,251),(26,252),(4,253),(10,254),(25,255),(10,256),(46,257),(47,257),(13,258),(1,259),(10,260),(52,260),(15,261),(15,262),(26,263),(7,264),(27,264),(28,264),(54,265),(26,266),(9,267),(44,267),(9,268),(44,268),(26,269),(18,270),(19,270),(13,271),(46,272),(47,272),(5,273),(2,274),(13,275),(25,276),(10,277),(46,278),(47,278),(15,279),(7,280),(27,280),(28,280),(21,281),(13,282),(2,283),(18,284),(19,284);
/*!40000 ALTER TABLE `machines_has_recipe` ENABLE KEYS */;
UNLOCK TABLES;

--
-- Table structure for table `part`
--

DROP TABLE IF EXISTS `part`;
/*!40101 SET @saved_cs_client     = @@character_set_client */;
/*!40101 SET character_set_client = utf8 */;
CREATE TABLE `part` (
  `part_id` int(11) NOT NULL AUTO_INCREMENT,
  `name` varchar(45) DEFAULT NULL,
  `list_list_id` int(11) NOT NULL,
  `active_process` varchar(45) DEFAULT NULL,
  `queue` int(11) DEFAULT NULL,
  `reservation` tinyint(1) DEFAULT NULL,
  `wait` tinyint(1) DEFAULT NULL,
  `part_recipe_id` int(11) NOT NULL,
  PRIMARY KEY (`part_id`),
  KEY `fk_Part_list1_idx` (`list_list_id`),
  KEY `fk_part_recipe1_idx` (`part_recipe_id`),
  CONSTRAINT `fk_Part_list1` FOREIGN KEY (`list_list_id`) REFERENCES `list` (`list_id`) ON DELETE NO ACTION ON UPDATE NO ACTION,
  CONSTRAINT `fk_part_recipe1` FOREIGN KEY (`part_recipe_id`) REFERENCES `recipe` (`recipe_id`) ON DELETE NO ACTION ON UPDATE NO ACTION
) ENGINE=InnoDB AUTO_INCREMENT=42 DEFAULT CHARSET=utf8;
/*!40101 SET character_set_client = @saved_cs_client */;

--
-- Dumping data for table `part`
--

LOCK TABLES `part` WRITE;
/*!40000 ALTER TABLE `part` DISABLE KEYS */;
INSERT INTO `part` VALUES (1,'SAP_1',1,'28',1,1,0,14),(2,'PART_0_LIST_1',1,'2',NULL,NULL,NULL,2),(3,'PART_1_LIST_1',1,'70',NULL,NULL,NULL,6),(4,'PART_2_LIST_1',1,'84',NULL,NULL,NULL,6),(5,'PART_3_LIST_1',1,'15',NULL,NULL,NULL,13),(6,'PART_4_LIST_1',1,'40',NULL,NULL,NULL,14),(7,'PART_5_LIST_1',1,'73',NULL,NULL,NULL,2),(8,'PART_6_LIST_1',1,'98',NULL,NULL,NULL,2),(9,'PART_7_LIST_1',1,'79',NULL,NULL,NULL,18),(10,'PART_8_LIST_1',1,'16',NULL,NULL,NULL,14),(11,'PART_9_LIST_1',1,'17',NULL,NULL,NULL,15),(12,'PART_0_LIST_2',2,'85',NULL,NULL,NULL,135),(13,'PART_1_LIST_2',2,'6',NULL,NULL,NULL,85),(14,'PART_2_LIST_2',2,'37',NULL,NULL,NULL,107),(15,'PART_3_LIST_2',2,'73',NULL,NULL,NULL,127),(16,'PART_4_LIST_2',2,'19',NULL,NULL,NULL,94),(17,'PART_5_LIST_2',2,'93',NULL,NULL,NULL,140),(18,'PART_6_LIST_2',2,'34',NULL,NULL,NULL,104),(19,'PART_7_LIST_2',2,'71',NULL,NULL,NULL,91),(20,'PART_8_LIST_2',2,'61',NULL,NULL,NULL,121),(21,'PART_9_LIST_2',2,'25',NULL,NULL,NULL,98),(22,'PART_0_LIST_1',1,'2',NULL,0,0,2),(23,'PART_1_LIST_1',1,'70',NULL,0,0,6),(24,'PART_2_LIST_1',1,'84',NULL,0,0,6),(25,'PART_3_LIST_1',1,'15',NULL,0,0,13),(26,'PART_4_LIST_1',1,'40',NULL,0,0,14),(27,'PART_5_LIST_1',1,'73',NULL,0,0,2),(28,'PART_6_LIST_1',1,'98',NULL,0,0,2),(29,'PART_7_LIST_1',1,'79',NULL,0,0,18),(30,'PART_8_LIST_1',1,'16',NULL,0,0,14),(31,'PART_9_LIST_1',1,'17',NULL,0,0,15),(32,'PART_0_LIST_2',2,'85',NULL,0,0,135),(33,'PART_1_LIST_2',2,'6',NULL,0,0,85),(34,'PART_2_LIST_2',2,'37',NULL,0,0,107),(35,'PART_3_LIST_2',2,'73',NULL,0,0,127),(36,'PART_4_LIST_2',2,'19',NULL,0,0,94),(37,'PART_5_LIST_2',2,'93',NULL,0,0,140),(38,'PART_6_LIST_2',2,'34',NULL,0,0,104),(39,'PART_7_LIST_2',2,'71',NULL,0,0,91),(40,'PART_8_LIST_2',2,'61',NULL,0,0,121),(41,'PART_9_LIST_2',2,'25',NULL,0,0,98);
/*!40000 ALTER TABLE `part` ENABLE KEYS */;
UNLOCK TABLES;

--
-- Table structure for table `recipe`
--

DROP TABLE IF EXISTS `recipe`;
/*!40101 SET @saved_cs_client     = @@character_set_client */;
/*!40101 SET character_set_client = utf8 */;
CREATE TABLE `recipe` (
  `recipe_id` int(11) NOT NULL AUTO_INCREMENT,
  `name` varchar(255) NOT NULL,
  `time_of_process` smallint(6) DEFAULT NULL,
  `time_limit` int(11) DEFAULT NULL,
  PRIMARY KEY (`recipe_id`)
) ENGINE=InnoDB AUTO_INCREMENT=285 DEFAULT CHARSET=utf8;
/*!40101 SET character_set_client = @saved_cs_client */;

--
-- Dumping data for table `recipe`
--

LOCK TABLES `recipe` WRITE;
/*!40000 ALTER TABLE `recipe` DISABLE KEYS */;
INSERT INTO `recipe` VALUES (1,'50',17,0),(2,'CHECKSLOT',5,12),(3,'6293',10,0),(4,'38',30,0),(5,'800-MET1-705',5,0),(6,'OPTICAL-INSP',10,0),(7,'F80M1A2',80,6),(8,'13',20,0),(9,'33',35,0),(10,'DRYING1',20,5),(11,'41',20,3),(12,'6360',40,0),(13,'DGFFSG02',120,0),(14,'EASY1-MACRO',10,0),(15,'CV-FSGGF',5,0),(16,'42',20,8),(17,'6395',10,0),(18,'FTEOS01',120,0),(19,'CV-OXIMD',5,0),(20,'F80PI101',90,24),(21,'CM-FSGIMD1',10,0),(22,'SIRICH04',90,0),(23,'CV-SIRICH',5,0),(24,'6435',10,0),(25,'24',30,24),(26,'815-VIA1-800',5,0),(27,'F80VIA11',75,72),(28,'INS4CH',10,8),(29,'53',13,0),(30,'IMPCVD03',80,72),(31,'52',13,12),(32,'6580',10,0),(33,'WSRVIA11',60,12),(34,'Wvia',5,0),(35,'6592',10,0),(36,'PV104F80',90,0),(37,'TITN10',80,0),(38,'6699',10,0),(39,'TIALTX03',80,0),(40,'Metal2',5,0),(41,'40',30,0),(42,'820-MET2-815',5,0),(43,'F80M2A1',80,5),(44,'ERASE2',60,0),(45,'6910',40,0),(46,'F80PI201',90,24),(47,'CM-FSGIMD2',10,0),(48,'825-VIA2-820',5,0),(49,'F80VIA21',5,72),(50,'7070',10,0),(51,'PV204F80',90,0),(52,'TIALTX10',80,0),(53,'Metal ',5,0),(54,'830-MET3-825',5,0),(55,'F80M3A1',80,3),(56,'7245',10,0),(57,'F80PI301',90,24),(58,'CM-FSGIMD3',10,0),(59,'835-VIA3-830',5,0),(60,'F80VIA31',5,72),(61,'7430',10,0),(62,'PV304F80',90,0),(63,'TIALTN20',80,0),(64,'840-MET4-835',5,0),(65,'F80M4A1',80,3),(66,'ALLOY02',180,0),(67,'DGFFP03',140,15),(68,'CV-OXPAS',5,0),(69,'NIUV03',180,0),(70,'CV-NIPAS',5,0),(71,'130',30,0),(72,'CURE4',16,0),(73,'T70PAD3',120,0),(74,'2',20,0),(75,'RRPPAD1',34,0),(76,'BLAPR2',30,0),(77,'8958',10,0),(78,'PTSORTAA',5,0),(79,'F80DTXXF',5,0),(80,'MKL9310B',30,0),(81,'SPMHFRC040',80,0),(82,'OXIDE13',260,0),(83,'DF-NPOX13',5,0),(84,'NITR01',350,0),(85,'NITR01E',5,0),(86,'48',30,0),(87,'',8,8),(88,'1203',40,0),(89,'F80STI4',160,0),(90,'RRWT7CC1',43,0),(91,'RRPSTD1',30,0),(92,'RRWT7AA1',41,0),(93,'INS3CH',10,0),(94,'N1HFRC08A200',60,24),(95,'1330',40,0),(96,'N1RCA01B',50,0),(97,'OXHT07',510,24),(98,'OXHT07AE',5,24),(99,'DF-OXWALL',5,24),(100,'DGFBOX04',110,24),(101,'CV-BOX',5,0),(102,'1366',10,0),(103,'N1RCA01A',50,24),(104,'TEOS05',330,0),(105,'TEOS05E',5,0),(106,'OXHT08',430,0),(107,'DF-AGAPF',5,0),(108,'49',30,0),(109,'106-REVE-105',5,0),(110,'F80INVA2',100,0),(111,'ET-INVACTI',5,0),(112,'N1HFS101A330',50,0),(113,'DF-CLEANOX',5,0),(114,'RBSOX01',35,0),(115,'F80PST03',90,0),(116,'CM-STINIT',10,0),(117,'CM-STIOX',10,0),(118,'R1F8001',105,0),(119,'DF-WROXRES',5,0),(120,'1530',10,0),(121,'RTOSAC03',90,8),(122,'DF-OXSAC',5,0),(123,'46',30,0),(124,'275-EPM-105',5,0),(125,'B',15,0),(126,'B015K01',10,0),(127,'INS2CH',10,0),(128,'47',30,0),(129,'265-CAPA-105',5,0),(130,'CURE3',20,0),(131,'A',15,0),(132,'A020K01',10,0),(133,'RRPIMP4',23,0),(134,'RRWSTD1',37,0),(135,'OXHT10',460,24),(136,'2282',10,24),(137,'OXIDE32T',380,14),(138,'OXIDE32AE',5,0),(139,'DF-HVOX',5,0),(140,'405-TUNN-105',5,0),(141,'RRPDES04',25,24),(142,'BOE230A',31,24),(143,'ET-OXBOE230',5,24),(144,'RRWHVOX1',45,24),(145,'INS1CH',10,24),(146,'OXIDE22T',310,14),(147,'OXIDE22AE',5,8),(148,'DF-OXTUN',5,8),(149,'POLY06',390,8),(150,'POLY06E',5,0),(151,'PolySi30',40,0),(152,'134',30,0),(153,'555-FLGA-105',5,0),(154,'F80POFG2',65,0),(155,'RRWT7BB1',44,0),(156,'ET-POLYFG',5,0),(157,'2540',40,0),(158,'015-NWEL-105',5,0),(159,'P',18,0),(160,'P120K02',10,0),(161,'A140K06',10,0),(162,'B200K02',10,0),(163,'B025K14',10,0),(164,'I',20,0),(165,'I150K03',10,0),(166,'2696',40,0),(167,'025-HVNW-105',5,0),(168,'F',20,0),(169,'RRPIMP2',45,0),(170,'065-HVPW-105',5,0),(171,'BF80HVP1',10,0),(172,'P040K04',10,0),(173,'067-HVNT-105',5,0),(174,'P035K01',10,0),(175,'3257',40,0),(176,'N2RCA01B',50,24),(177,'ONO05',5,24),(178,'OXPO01',280,24),(179,'OXPO01AE',5,14),(180,'525-LVMX-105',5,0),(181,'F80ON2',80,0),(182,'ET-OXRESMAT',5,0),(183,'BOE420A',63,24),(184,'ET-OXBOE420',5,24),(185,'RRWMTX2',41,24),(186,'3365',40,24),(187,'BF80OP2A',45,24),(188,'OX533TM',240,14),(189,'OXIDE16AE',5,24),(190,'DF-OXGATE',5,24),(191,'POLY03',310,24),(192,'POLY03AE',5,0),(193,'395-PDOP-105',5,0),(194,'DUVCURE3',16,0),(195,'RRPIMP1',30,0),(196,'36',30,0),(197,'515-SLGA-105',5,0),(198,'F80STAC3',220,0),(199,'P085K01',10,0),(200,'RRWSPM01',45,0),(201,'ET-OXRESSTCK',5,0),(202,'515-ETCH-105',5,0),(203,'3735',40,0),(204,'34',30,0),(205,'505-CIGA-105',5,0),(206,'F80GATE2',140,0),(207,'ET-OXRESGATE',5,0),(208,'3865',40,0),(209,'550-HVMX-105',5,0),(210,'F80ONO1',65,0),(211,'ET-OXRESONO',5,0),(212,'N2HFRC29C055',65,8),(213,'RTOREOX08',90,8),(214,'DF-PREOX',5,0),(215,'51',30,0),(216,'615-LDDN-105',5,0),(217,'A012K01',10,0),(218,'B025K09',10,0),(219,'N2RCA03C',50,12),(220,'ANLDD02',90,12),(221,'645-LDDP-105',5,0),(222,'F007K01',10,0),(223,'P070K02',10,0),(224,'4477',40,0),(225,'MSHTO05',390,0),(226,'MSHTO05AE',5,0),(227,'NITR08',310,0),(228,'NITR08E',5,0),(229,'F80SPAC2',100,0),(230,'ET-SPAC',5,0),(231,'605-SDN-105',5,0),(232,'A070K01',10,0),(233,'655-SDP-105',5,0),(234,'4715',40,0),(235,'B007K03',10,0),(236,'N2HFRC13C060',65,0),(237,'BF80OP3C',65,0),(238,'ANSD07',90,12),(239,'4987',40,0),(240,'NITR09',330,0),(241,'NITR09E',5,0),(242,'PCPHOTO1',20,0),(243,'425-SIPR-105',5,0),(244,'F80SIPR1',60,0),(245,'ET-SALINIT',5,0),(246,'A040K01',10,0),(247,'N2HFRL01B067',70,36),(248,'COTN11',60,2),(249,'ANCOSF02',90,14),(250,'R3CO02',55,14),(251,'PODCHANG1',5,24),(252,'5370',40,24),(253,'DNIBT01',90,24),(254,'CV-NITBL',5,0),(255,'USG-BPSG',340,24),(256,'DF-BPSGLIL',5,4),(257,'ANBPSG03',90,4),(258,'5457',10,0),(259,'F80PPM01',90,0),(260,'CM-OXPMD',10,0),(261,'710-LILH-515',5,0),(262,'710-LILH-105',5,0),(263,'5503',40,0),(264,'F80LIL5',145,0),(265,'RRWF8LIL',36,0),(266,'5567',40,0),(267,'RRPDES01',20,0),(268,'RRPIMP5',23,0),(269,'5737',40,0),(270,'IMPCVD02',85,6),(271,'5830',10,0),(272,'ANBARR04',90,12),(273,'WSRLIL04',60,12),(274,'PL003F80',90,0),(275,'5855',10,0),(276,'SABPSG03',240,4),(277,'DF-BPSGPMD',5,4),(278,'ANBPSG04',90,4),(279,'705-CONT-710',5,0),(280,'F80CONT1',120,0),(281,'35',20,8),(282,'6175',10,12),(283,'PC003F80',90,0),(284,'TIALTX13',80,0);
/*!40000 ALTER TABLE `recipe` ENABLE KEYS */;
UNLOCK TABLES;

--
-- Dumping routines for database 'sosable_v0.6'
--
/*!50003 DROP PROCEDURE IF EXISTS `do_your_recipe` */;
/*!50003 SET @saved_cs_client      = @@character_set_client */ ;
/*!50003 SET @saved_cs_results     = @@character_set_results */ ;
/*!50003 SET @saved_col_connection = @@collation_connection */ ;
/*!50003 SET character_set_client  = utf8mb4 */ ;
/*!50003 SET character_set_results = utf8mb4 */ ;
/*!50003 SET collation_connection  = utf8mb4_general_ci */ ;
/*!50003 SET @saved_sql_mode       = @@sql_mode */ ;
/*!50003 SET sql_mode              = 'NO_AUTO_VALUE_ON_ZERO' */ ;
DELIMITER ;;
CREATE DEFINER=`root`@`localhost` PROCEDURE `do_your_recipe`()
BEGIN
	DECLARE y INTEGER DEFAULT 1;
	DECLARE i INTEGER DEFAULT 0;
	SET i = (SELECT COUNT(part_id) FROM part);
	WHILE y <= i DO
       CALL `sosable_v0.6`.`get_id`((SELECT active_process FROM part WHERE part_id=y), y);
       SET y = y + 1;
       -- select y;
	END WHILE;
END ;;
DELIMITER ;
/*!50003 SET sql_mode              = @saved_sql_mode */ ;
/*!50003 SET character_set_client  = @saved_cs_client */ ;
/*!50003 SET character_set_results = @saved_cs_results */ ;
/*!50003 SET collation_connection  = @saved_col_connection */ ;
/*!50003 DROP PROCEDURE IF EXISTS `get_id` */;
/*!50003 SET @saved_cs_client      = @@character_set_client */ ;
/*!50003 SET @saved_cs_results     = @@character_set_results */ ;
/*!50003 SET @saved_col_connection = @@collation_connection */ ;
/*!50003 SET character_set_client  = utf8mb4 */ ;
/*!50003 SET character_set_results = utf8mb4 */ ;
/*!50003 SET collation_connection  = utf8mb4_general_ci */ ;
/*!50003 SET @saved_sql_mode       = @@sql_mode */ ;
/*!50003 SET sql_mode              = 'NO_AUTO_VALUE_ON_ZERO' */ ;
DELIMITER ;;
CREATE DEFINER=`root`@`localhost` PROCEDURE `get_id`(
act INTEGER,
id_part INTEGER)
BEGIN
DECLARE opr INT DEFAULT NOT NULL;
SET @stmt = CONCAT("CALL `sosable_v0.6`.`setting`((SELECT `", act, "` FROM list INNER JOIN part ON list_id=list_list_id WHERE part_id=", id_part,"),
", id_part,")");
PREPARE res FROM @stmt;
EXECUTE res;

DEALLOCATE PREPARE res;
END ;;
DELIMITER ;
/*!50003 SET sql_mode              = @saved_sql_mode */ ;
/*!50003 SET character_set_client  = @saved_cs_client */ ;
/*!50003 SET character_set_results = @saved_cs_results */ ;
/*!50003 SET collation_connection  = @saved_col_connection */ ;
/*!50003 DROP PROCEDURE IF EXISTS `increment` */;
/*!50003 SET @saved_cs_client      = @@character_set_client */ ;
/*!50003 SET @saved_cs_results     = @@character_set_results */ ;
/*!50003 SET @saved_col_connection = @@collation_connection */ ;
/*!50003 SET character_set_client  = utf8 */ ;
/*!50003 SET character_set_results = utf8 */ ;
/*!50003 SET collation_connection  = utf8_general_ci */ ;
/*!50003 SET @saved_sql_mode       = @@sql_mode */ ;
/*!50003 SET sql_mode              = 'ONLY_FULL_GROUP_BY,STRICT_TRANS_TABLES,NO_ZERO_IN_DATE,NO_ZERO_DATE,ERROR_FOR_DIVISION_BY_ZERO,NO_ENGINE_SUBSTITUTION' */ ;
DELIMITER ;;
CREATE DEFINER=`root`@`localhost` PROCEDURE `increment`(id_part INTEGER)
BEGIN
	UPDATE part SET part.`active_process`= (part.`active_process`+1) WHERE part_id=id_part;
    CALL `sosable_v0.6`.`do_your_recipe`();
END ;;
DELIMITER ;
/*!50003 SET sql_mode              = @saved_sql_mode */ ;
/*!50003 SET character_set_client  = @saved_cs_client */ ;
/*!50003 SET character_set_results = @saved_cs_results */ ;
/*!50003 SET collation_connection  = @saved_col_connection */ ;
/*!50003 DROP PROCEDURE IF EXISTS `in_machine` */;
/*!50003 SET @saved_cs_client      = @@character_set_client */ ;
/*!50003 SET @saved_cs_results     = @@character_set_results */ ;
/*!50003 SET @saved_col_connection = @@collation_connection */ ;
/*!50003 SET character_set_client  = utf8 */ ;
/*!50003 SET character_set_results = utf8 */ ;
/*!50003 SET collation_connection  = utf8_general_ci */ ;
/*!50003 SET @saved_sql_mode       = @@sql_mode */ ;
/*!50003 SET sql_mode              = 'ONLY_FULL_GROUP_BY,STRICT_TRANS_TABLES,NO_ZERO_IN_DATE,NO_ZERO_DATE,ERROR_FOR_DIVISION_BY_ZERO,NO_ENGINE_SUBSTITUTION' */ ;
DELIMITER ;;
CREATE DEFINER=`root`@`localhost` PROCEDURE `in_machine`(machine VARCHAR(15))
BEGIN
SELECT p.`part_id`, r.`recipe_id`, r.`time_of_process` FROM `machines` as m
 RIGHT JOIN `machines_has_recipe` as mhr 
 ON m.machines_id = mhr.machines_machines_id
 RIGHT JOIN `recipe` as r
 ON mhr.recipe_recipe_id = recipe_id
 RIGHT JOIN `part` as p
 ON recipe_id = p.part_recipe_id
 WHERE m.work_stream_number = machine AND p.`reservation` = 0 AND p.`wait` = 0
 ORDER BY r.`recipe_id`, p.`queue`;
END ;;
DELIMITER ;
/*!50003 SET sql_mode              = @saved_sql_mode */ ;
/*!50003 SET character_set_client  = @saved_cs_client */ ;
/*!50003 SET character_set_results = @saved_cs_results */ ;
/*!50003 SET collation_connection  = @saved_col_connection */ ;
/*!50003 DROP PROCEDURE IF EXISTS `queue` */;
/*!50003 SET @saved_cs_client      = @@character_set_client */ ;
/*!50003 SET @saved_cs_results     = @@character_set_results */ ;
/*!50003 SET @saved_col_connection = @@collation_connection */ ;
/*!50003 SET character_set_client  = utf8 */ ;
/*!50003 SET character_set_results = utf8 */ ;
/*!50003 SET collation_connection  = utf8_general_ci */ ;
/*!50003 SET @saved_sql_mode       = @@sql_mode */ ;
/*!50003 SET sql_mode              = 'ONLY_FULL_GROUP_BY,STRICT_TRANS_TABLES,NO_ZERO_IN_DATE,NO_ZERO_DATE,ERROR_FOR_DIVISION_BY_ZERO,NO_ENGINE_SUBSTITUTION' */ ;
DELIMITER ;;
CREATE DEFINER=`root`@`localhost` PROCEDURE `queue`(machine VARCHAR(15))
BEGIN
SELECT p.`part_id`, r.`recipe_id`, r.`time_of_process` FROM `machines` as m
 RIGHT JOIN `machines_has_recipe` as mhr 
 ON m.machines_id = mhr.machines_machines_id
 RIGHT JOIN `recipe` as r
 ON mhr.recipe_recipe_id = recipe_id
 RIGHT JOIN `part` as p
 ON recipe_id = p.part_recipe_id
 WHERE m.work_stream_number = machine AND p.`reservation` = 0 AND p.`wait` = 1
 ORDER BY r.`recipe_id`, p.`queue`;
END ;;
DELIMITER ;
/*!50003 SET sql_mode              = @saved_sql_mode */ ;
/*!50003 SET character_set_client  = @saved_cs_client */ ;
/*!50003 SET character_set_results = @saved_cs_results */ ;
/*!50003 SET collation_connection  = @saved_col_connection */ ;
/*!50003 DROP PROCEDURE IF EXISTS `reservationup` */;
/*!50003 SET @saved_cs_client      = @@character_set_client */ ;
/*!50003 SET @saved_cs_results     = @@character_set_results */ ;
/*!50003 SET @saved_col_connection = @@collation_connection */ ;
/*!50003 SET character_set_client  = utf8 */ ;
/*!50003 SET character_set_results = utf8 */ ;
/*!50003 SET collation_connection  = utf8_general_ci */ ;
/*!50003 SET @saved_sql_mode       = @@sql_mode */ ;
/*!50003 SET sql_mode              = 'ONLY_FULL_GROUP_BY,STRICT_TRANS_TABLES,NO_ZERO_IN_DATE,NO_ZERO_DATE,ERROR_FOR_DIVISION_BY_ZERO,NO_ENGINE_SUBSTITUTION' */ ;
DELIMITER ;;
CREATE DEFINER=`root`@`localhost` PROCEDURE `reservationup`(id_part INTEGER)
BEGIN
SET @p = (SELECT IF(part.`reservation` = FALSE, 1, 0) FROM part WHERE part_id=id_part);
	UPDATE part SET part.`reservation`= @p WHERE part_id=id_part;
    CALL `sosable_v0.6`.`do_your_recipe`();
END ;;
DELIMITER ;
/*!50003 SET sql_mode              = @saved_sql_mode */ ;
/*!50003 SET character_set_client  = @saved_cs_client */ ;
/*!50003 SET character_set_results = @saved_cs_results */ ;
/*!50003 SET collation_connection  = @saved_col_connection */ ;
/*!50003 DROP PROCEDURE IF EXISTS `setting` */;
/*!50003 SET @saved_cs_client      = @@character_set_client */ ;
/*!50003 SET @saved_cs_results     = @@character_set_results */ ;
/*!50003 SET @saved_col_connection = @@collation_connection */ ;
/*!50003 SET character_set_client  = utf8mb4 */ ;
/*!50003 SET character_set_results = utf8mb4 */ ;
/*!50003 SET collation_connection  = utf8mb4_general_ci */ ;
/*!50003 SET @saved_sql_mode       = @@sql_mode */ ;
/*!50003 SET sql_mode              = 'NO_AUTO_VALUE_ON_ZERO' */ ;
DELIMITER ;;
CREATE DEFINER=`root`@`localhost` PROCEDURE `setting`(
id INTEGER,
id_part INTEGER)
BEGIN
	UPDATE part SET part_recipe_id=id WHERE part_id=id_part;
END ;;
DELIMITER ;
/*!50003 SET sql_mode              = @saved_sql_mode */ ;
/*!50003 SET character_set_client  = @saved_cs_client */ ;
/*!50003 SET character_set_results = @saved_cs_results */ ;
/*!50003 SET collation_connection  = @saved_col_connection */ ;
/*!50003 DROP PROCEDURE IF EXISTS `waitdown` */;
/*!50003 SET @saved_cs_client      = @@character_set_client */ ;
/*!50003 SET @saved_cs_results     = @@character_set_results */ ;
/*!50003 SET @saved_col_connection = @@collation_connection */ ;
/*!50003 SET character_set_client  = utf8 */ ;
/*!50003 SET character_set_results = utf8 */ ;
/*!50003 SET collation_connection  = utf8_general_ci */ ;
/*!50003 SET @saved_sql_mode       = @@sql_mode */ ;
/*!50003 SET sql_mode              = 'ONLY_FULL_GROUP_BY,STRICT_TRANS_TABLES,NO_ZERO_IN_DATE,NO_ZERO_DATE,ERROR_FOR_DIVISION_BY_ZERO,NO_ENGINE_SUBSTITUTION' */ ;
DELIMITER ;;
CREATE DEFINER=`root`@`localhost` PROCEDURE `waitdown`(id_part INTEGER)
BEGIN
-- SET @p = (SELECT IF(part.`wait` = FALSE, 1, 0) FROM part WHERE part_id=id_part);
	UPDATE part SET part.`wait`= 0 WHERE part_id=id_part;
END ;;
DELIMITER ;
/*!50003 SET sql_mode              = @saved_sql_mode */ ;
/*!50003 SET character_set_client  = @saved_cs_client */ ;
/*!50003 SET character_set_results = @saved_cs_results */ ;
/*!50003 SET collation_connection  = @saved_col_connection */ ;
/*!50003 DROP PROCEDURE IF EXISTS `waitup` */;
/*!50003 SET @saved_cs_client      = @@character_set_client */ ;
/*!50003 SET @saved_cs_results     = @@character_set_results */ ;
/*!50003 SET @saved_col_connection = @@collation_connection */ ;
/*!50003 SET character_set_client  = utf8 */ ;
/*!50003 SET character_set_results = utf8 */ ;
/*!50003 SET collation_connection  = utf8_general_ci */ ;
/*!50003 SET @saved_sql_mode       = @@sql_mode */ ;
/*!50003 SET sql_mode              = 'ONLY_FULL_GROUP_BY,STRICT_TRANS_TABLES,NO_ZERO_IN_DATE,NO_ZERO_DATE,ERROR_FOR_DIVISION_BY_ZERO,NO_ENGINE_SUBSTITUTION' */ ;
DELIMITER ;;
CREATE DEFINER=`root`@`localhost` PROCEDURE `waitup`(id_part INTEGER)
BEGIN
-- SET @p = (SELECT IF(part.`wait` = FALSE, 1, 0) FROM part WHERE part_id=id_part);
	UPDATE part SET part.`wait`= 1 WHERE part_id=id_part;
END ;;
DELIMITER ;
/*!50003 SET sql_mode              = @saved_sql_mode */ ;
/*!50003 SET character_set_client  = @saved_cs_client */ ;
/*!50003 SET character_set_results = @saved_cs_results */ ;
/*!50003 SET collation_connection  = @saved_col_connection */ ;
/*!40103 SET TIME_ZONE=@OLD_TIME_ZONE */;

/*!40101 SET SQL_MODE=@OLD_SQL_MODE */;
/*!40014 SET FOREIGN_KEY_CHECKS=@OLD_FOREIGN_KEY_CHECKS */;
/*!40014 SET UNIQUE_CHECKS=@OLD_UNIQUE_CHECKS */;
/*!40101 SET CHARACTER_SET_CLIENT=@OLD_CHARACTER_SET_CLIENT */;
/*!40101 SET CHARACTER_SET_RESULTS=@OLD_CHARACTER_SET_RESULTS */;
/*!40101 SET COLLATION_CONNECTION=@OLD_COLLATION_CONNECTION */;
/*!40111 SET SQL_NOTES=@OLD_SQL_NOTES */;

-- Dump completed on 2019-04-19 20:00:19